Date ,series ,OPEN ,HIGH ,LOW ,PREV. CLOSE ,ltp ,close ,vwap ,52W H ,52W L ,VOLUME ,VALUE ,No of trades 
21-Aug-23,EQ,617,623.3,614.8,615.8,619.5,620.5,620.41,665.4,375.2,"95,80,365","5,94,37,23,319.55","1,60,367"
22-Aug-23,EQ,621.8,626.5,618.6,620.5,619.45,620.2,622.7,665.4,375.2,"85,34,395","5,31,43,60,611.05","1,19,046"
23-Aug-23,EQ,622.75,622.75,613.15,620.2,614.5,613.9,615.89,665.4,375.2,"82,48,333","5,08,01,04,176.50","1,32,089"
24-Aug-23,EQ,618,619,609.65,613.9,611.65,610.95,613.96,665.4,375.2,"70,96,025","4,35,66,94,947.50","1,26,558"
25-Aug-23,EQ,610.85,616.7,593.3,610.95,601.8,605.1,606.07,665.4,375.2,"1,60,75,509","9,74,29,24,758.50","2,24,142"
28-Aug-23,EQ,605.4,608.5,601.55,605.1,603,602.4,604.74,665.4,375.2,"74,79,254","4,52,30,34,713.60","1,36,397"
29-Aug-23,EQ,603.6,610.5,603.6,602.4,607.65,607.15,607.69,665.4,375.2,"69,56,667","4,22,74,70,423.75","1,08,463"
30-Aug-23,EQ,611.2,612.9,605,607.15,606.65,605.55,609.24,665.4,375.2,"56,76,055","3,45,81,00,346.70","1,10,514"
31-Aug-23,EQ,608.8,609.65,599.05,605.55,601.9,601,603.88,665.4,375.2,"1,05,44,271","6,36,74,65,563.95","1,49,603"
1-Sep-23,EQ,604.2,614.9,601.9,601,610.4,611.2,609.91,665.4,375.2,"1,02,97,492","6,28,05,25,718.10","1,82,015"
4-Sep-23,EQ,615.6,615.6,606,611.2,609.7,609,609.08,665.4,375.2,"83,92,665","5,11,17,87,835.65","1,73,185"
5-Sep-23,EQ,610,618.9,608.05,609,611.5,611.15,612.62,665.4,375.2,"85,60,651","5,24,44,47,608.85","1,31,391"
6-Sep-23,EQ,611.15,612.55,605.6,611.15,610.6,610.25,608.59,665.4,375.2,"65,20,064","3,96,80,67,590.80","1,42,267"
7-Sep-23,EQ,610.9,616.5,609.05,610.25,614.25,614.9,613.64,665.4,375.2,"65,20,293","4,00,11,37,081.85","1,12,863"
8-Sep-23,EQ,617.95,628.9,614.2,614.9,626.95,627.25,624.03,665.4,375.2,"1,61,90,749","10,10,34,72,512.75","2,06,605"
11-Sep-23,EQ,634.65,635.4,630.5,627.25,634.95,634.85,633.71,665.4,375.2,"87,80,510","5,56,42,59,558.20","2,01,674"
12-Sep-23,EQ,638,639,615.25,634.85,620.9,620.8,624.3,665.4,375.2,"1,25,41,377","7,82,95,99,452.25","2,38,844"
13-Sep-23,EQ,621,628.5,619.55,620.8,626,625.9,625.18,665.4,375.2,"69,88,358","4,36,89,76,331.95","1,41,594"
14-Sep-23,EQ,628.1,630.8,623.3,625.9,624.7,624.6,626.87,665.4,375.2,"57,22,295","3,58,71,28,293.10","1,38,280"
15-Sep-23,EQ,628.7,636.5,627.15,624.6,634.2,634.25,633.2,665.4,375.2,"1,89,17,805","11,97,87,50,794.85","2,50,637"
18-Sep-23,EQ,635.9,644.2,633.15,634.25,640.85,640.65,640.37,665.4,375.2,"1,11,08,349","7,11,35,01,339.10","1,77,581"
20-Sep-23,EQ,640.7,647,637,640.65,640,638.5,642.84,665.4,375.2,"1,17,77,925","7,57,12,71,157.35","2,11,433"
21-Sep-23,EQ,638.5,641.7,624,638.5,628.15,627.05,631.47,665.4,375.2,"92,66,854","5,85,17,65,688.55","2,02,887"
22-Sep-23,EQ,628,630.8,619,627.05,620.95,620.45,625.62,665.4,375.2,"65,51,917","4,09,90,25,027.30","1,50,697"
25-Sep-23,EQ,623.85,625.2,617.9,620.45,619,618.7,620.6,665.4,375.2,"63,90,681","3,96,60,82,058.55","1,30,903"
26-Sep-23,EQ,618.7,625.7,617.95,618.7,620,619.8,621.89,665.4,375.2,"62,71,108","3,89,99,41,784.00","1,24,821"
27-Sep-23,EQ,619.95,621.9,616.75,619.8,620.65,620.15,618.76,665.4,375.2,"59,60,490","3,68,81,30,393.20","1,49,016"
28-Sep-23,EQ,622.9,623.8,612.25,620.15,615,614.1,617.93,665.4,375.2,"67,68,196","4,18,22,92,216.30","1,34,821"
29-Sep-23,EQ,618.7,633,617,614.1,631,630.2,628.64,665.4,375.2,"89,69,405","5,63,85,05,877.90","1,51,844"
3-Oct-23,EQ,632.6,632.65,618.6,630.2,621.1,620.45,621.92,665.4,375.2,"68,94,577","4,28,78,72,037.00","1,71,925"
4-Oct-23,EQ,620.8,620.8,608.3,620.45,614.4,613.6,613.73,665.4,375.2,"76,12,709","4,67,21,81,567.90","2,24,747"
5-Oct-23,EQ,619,621.35,614.65,613.6,619.4,619.6,618.39,665.4,375.2,"78,93,892","4,88,15,07,887.30","2,24,347"
6-Oct-23,EQ,627,627.35,620,619.6,623.1,622.45,622.95,665.4,375.2,"79,22,379","4,93,52,56,762.30","2,27,470"
9-Oct-23,EQ,620.8,622,613.7,622.45,617,617.35,617.82,665.4,375.2,"63,81,189","3,94,24,39,639.70","1,72,655"
10-Oct-23,EQ,620,632.5,617.6,617.35,630.6,630.55,629.02,665.4,375.2,"98,33,429","6,18,54,14,512.95","2,06,068"
11-Oct-23,EQ,633,637.8,632.6,630.55,634.5,634,635.1,665.4,375.2,"77,01,931","4,89,14,79,943.65","1,35,341"
12-Oct-23,EQ,637,640.2,635.05,634,637.1,636.95,637.46,665.4,375.2,"59,28,732","3,77,93,15,590.75","1,25,915"
13-Oct-23,EQ,633.95,669,633,636.95,667.1,667.1,657.36,669,375.2,"2,80,11,678","18,41,36,43,893.45","3,32,803"
16-Oct-23,EQ,668.55,677.8,661.25,667.1,666.35,666.2,669.55,677.8,375.2,"2,00,05,816","13,39,48,12,067.35","3,98,067"
17-Oct-23,EQ,670,670.9,654.65,666.2,656,655.7,661.44,677.8,375.2,"1,02,63,992","6,78,89,80,511.60","2,36,638"
18-Oct-23,EQ,658.6,672.25,653.8,655.7,667.25,668.5,664.73,677.8,375.2,"1,49,08,778","9,91,02,78,989.95","2,66,210"
19-Oct-23,EQ,662.95,672.3,658.6,668.5,667.1,668.8,666.13,677.8,375.2,"1,06,33,043","7,08,29,49,540.35","2,33,714"
20-Oct-23,EQ,666.65,676.4,660.5,668.8,662.4,663.2,669.28,677.8,375.2,"1,17,59,568","7,87,04,49,935.35","2,22,813"
23-Oct-23,EQ,663.65,667.25,645,663.2,646.45,647.35,654.7,677.8,375.2,"85,64,004","5,60,68,34,849.65","2,03,812"
25-Oct-23,EQ,650,651.9,636.05,647.35,637.9,637.85,643.25,677.8,375.2,"82,29,559","5,29,36,72,839.95","2,40,097"
26-Oct-23,EQ,635,635.65,624.15,637.85,625.55,626.55,628.33,677.8,375.2,"88,89,373","5,58,54,35,011.60","2,58,779"
27-Oct-23,EQ,630,643.95,628.45,626.55,640.95,641.05,635.03,677.8,375.2,"1,02,32,856","6,49,81,90,078.00","2,17,169"
30-Oct-23,EQ,643.8,643.8,621.85,641.05,629.2,628.5,628.05,677.8,375.2,"1,27,86,883","8,03,08,03,018.35","2,82,270"
31-Oct-23,EQ,642,642,627.3,628.5,629.5,628.65,632.2,677.8,375.2,"1,13,95,766","7,20,44,57,704.40","2,26,833"
1-Nov-23,EQ,630,633.8,626.3,628.65,627.6,627.7,629.5,677.8,375.2,"87,85,264","5,53,02,95,098.75","1,66,295"
2-Nov-23,EQ,632,638.2,630.1,627.7,637.5,636.45,633.82,677.8,375.2,"99,34,305","6,29,65,55,682.90","1,98,160"
3-Nov-23,EQ,662,666,646.2,636.45,646.8,647.5,652.41,677.8,375.2,"2,30,87,856","15,06,27,14,284.35","3,66,476"
6-Nov-23,EQ,652.85,652.85,643.2,647.5,646.05,646.05,646.7,677.8,375.2,"1,08,01,301","6,98,51,79,880.45","2,18,664"
7-Nov-23,EQ,645,649.9,643.3,646.05,644.8,645,646.17,677.8,375.2,"65,88,073","4,25,70,44,483.85","1,58,780"
8-Nov-23,EQ,648,649.05,641.9,645,643.95,642.55,645.25,677.8,375.2,"65,51,864","4,22,76,10,818.60","1,34,297"
9-Nov-23,EQ,644,653.65,642.7,642.55,648.5,649.35,650.01,677.8,375.2,"1,01,55,047","6,60,08,44,432.30","1,66,691"
10-Nov-23,EQ,649.35,652.95,644,649.35,651.55,651.05,648.99,677.8,375.2,"64,25,792","4,17,02,91,613.50","1,27,973"
12-Nov-23,EQ,657.95,657.95,652.4,651.05,653.4,653.55,654.18,677.8,375.2,"22,45,583","1,46,90,21,511.90","89,340"
13-Nov-23,EQ,653,654,649.3,653.55,653.5,653.25,651.93,677.8,375.2,"32,79,829","2,13,82,22,126.85","1,09,399"
15-Nov-23,EQ,660,673.5,656.55,653.25,671.5,671.55,664.2,677.8,375.2,"1,13,24,434","7,52,16,55,337.35","2,27,546"
16-Nov-23,EQ,674,685.5,670.9,671.55,679.9,680.4,680.37,685.5,375.2,"1,75,01,373","11,90,73,77,470.20","3,43,618"
17-Nov-23,EQ,682.5,687.65,679.6,680.4,681.25,681.55,684.01,687.65,375.2,"95,63,220","6,54,13,72,582.10","2,02,852"
20-Nov-23,EQ,682,686.75,670.7,681.55,675,674.3,677.12,687.65,375.2,"83,24,354","5,63,65,87,207.80","1,98,837"
21-Nov-23,EQ,677,683.3,675,674.3,681,681.7,679.23,687.65,375.2,"72,91,057","4,95,22,72,141.25","1,79,804"
22-Nov-23,EQ,683.95,687.35,676.05,681.7,681.75,681.2,681.31,687.65,375.2,"92,79,642","6,32,23,02,825.10","2,49,519"
23-Nov-23,EQ,683.2,685.9,677.05,681.2,680.4,679.95,680.52,687.65,375.2,"58,85,370","4,00,50,97,852.40","1,56,976"
24-Nov-23,EQ,681.4,681.95,671.25,679.95,673.5,673.7,674.64,687.65,375.2,"69,51,690","4,68,98,91,526.80","1,62,861"
28-Nov-23,EQ,677.45,699.45,674.25,673.7,698,697.5,690.87,699.45,375.2,"1,60,15,860","11,06,48,87,990.05","2,88,718"
29-Nov-23,EQ,702.75,714.4,694.35,697.5,711.5,712.35,705.36,714.4,375.2,"1,61,22,864","11,37,24,33,940.25","2,79,258"
30-Nov-23,EQ,716.3,717.25,697,712.35,707,706.4,705.84,717.25,375.2,"2,42,75,245","17,13,45,00,655.90","3,92,595"
1-Dec-23,EQ,708,711,703,706.4,703.95,705.45,705.97,717.25,375.2,"1,05,65,415","7,45,89,12,379.35","2,20,179"
4-Dec-23,EQ,716,717,704.8,705.45,706.1,705.6,707.35,717.25,375.2,"93,48,036","6,61,23,33,178.00","2,07,134"
5-Dec-23,EQ,705.9,714.9,705,705.6,708.55,708.95,709.54,717.25,375.2,"96,01,509","6,81,26,27,274.95","1,95,242"
6-Dec-23,EQ,709.05,724.8,709,708.95,722.5,722.45,715.64,724.8,375.2,"1,21,48,825","8,69,42,26,516.95","2,45,889"
7-Dec-23,EQ,725,727.5,716,722.45,721.75,721.95,722.07,727.5,375.2,"1,04,51,801","7,54,69,44,469.05","1,97,003"
8-Dec-23,EQ,722.05,727.6,707.5,721.95,714.5,714.55,717.12,727.6,375.2,"85,57,203","6,13,65,38,608.15","2,29,134"
11-Dec-23,EQ,717.8,726.5,716.55,714.55,720.75,720.8,721.13,727.6,375.2,"64,03,209","4,61,75,37,214.85","1,36,631"
12-Dec-23,EQ,724.8,724.8,713,720.8,716,715.4,718.41,727.6,375.2,"64,61,539","4,64,20,62,987.95","1,72,429"
13-Dec-23,EQ,716,721.45,713.5,715.4,720.5,720.3,718.31,727.6,375.2,"58,07,736","4,17,17,49,157.40","1,52,801"
14-Dec-23,EQ,724,724.7,718.6,720.3,719.95,719.75,720.82,727.6,375.2,"67,32,352","4,85,28,07,881.05","1,55,479"
15-Dec-23,EQ,723.9,734,721.25,719.75,732.2,732.4,729.16,734,375.2,"1,20,82,079","8,80,97,30,061.50","2,20,965"
18-Dec-23,EQ,732.9,734.75,728.1,732.4,730.15,730.8,731.89,734.75,375.2,"54,50,397","3,98,90,96,171.75","1,83,288"
19-Dec-23,EQ,732.6,732.6,726,730.8,730,728.95,729.07,734.75,375.2,"45,11,101","3,28,89,05,953.10","1,53,400"
20-Dec-23,EQ,730.95,733,703.05,728.95,705.95,705.25,717.08,734.75,375.2,"81,07,602","5,81,38,26,453.40","2,08,549"
21-Dec-23,EQ,703,711.9,696.25,705.25,710,708.85,707.01,734.75,375.2,"77,02,232","5,44,55,51,052.70","2,08,027"
22-Dec-23,EQ,716.8,731,712,708.85,725,724.7,724.5,734.75,375.2,"1,20,62,238","8,73,91,00,445.30","2,88,650"
26-Dec-23,EQ,727.4,727.5,716.6,724.7,720,719.55,721.73,734.75,375.2,"72,29,143","5,21,75,10,087.80","1,95,383"
27-Dec-23,EQ,728,741.85,725.15,719.55,740.3,740.9,735.95,741.85,375.2,"1,50,52,800","11,07,81,42,060.15","2,88,698"
28-Dec-23,EQ,742.65,757.95,739.05,740.9,754.85,753.9,748.29,757.95,375.2,"1,49,06,199","11,15,42,32,289.65","2,43,381"
29-Dec-23,EQ,755,802.9,754,753.9,779.4,779.95,785.47,802.9,375.2,"4,11,70,191","32,33,78,28,533.80","5,93,211"
1-Jan-24,EQ,785,798.7,781.05,779.95,792,790.6,791.96,802.9,381,"1,25,70,717","9,95,54,54,953.90","2,80,616"
2-Jan-24,EQ,800.5,804,779,790.6,786,784.4,787.89,804,381,"1,37,91,090","10,86,58,94,988.45","2,92,570"
3-Jan-24,EQ,786.05,790,776.25,784.4,782.6,781.45,782.06,804,381,"85,59,060","6,69,37,35,336.40","2,35,425"
4-Jan-24,EQ,798,801.8,791.3,781.45,795.7,795.75,796.06,804,381,"1,42,98,444","11,38,24,14,604.35","3,11,507"
5-Jan-24,EQ,799,805.9,787.1,795.75,792,790.95,795.04,805.9,381,"1,10,91,198","8,81,79,15,485.35","2,67,335"
8-Jan-24,EQ,798.4,800.35,787.5,790.95,789.85,789.1,793.09,805.9,385,"76,68,471","6,08,17,79,068.55","2,26,261"
9-Jan-24,EQ,799.95,809.2,793.15,789.1,801,799.8,802.08,809.2,385,"1,28,72,757","10,32,49,52,552.85","2,64,264"
10-Jan-24,EQ,800,811,792.65,799.8,808.95,808.45,803.37,811,385,"99,80,044","8,01,77,07,344.25","1,82,023"
11-Jan-24,EQ,813.5,817.5,808.45,808.45,815.25,815.65,813.62,817.5,385,"1,10,75,167","9,01,09,80,254.80","2,66,604"
12-Jan-24,EQ,818.15,818.55,809.15,815.65,817.45,816.45,815.16,818.55,385,"76,64,094","6,24,74,47,301.25","1,53,071"
15-Jan-24,EQ,820,820.4,810.3,816.45,813.2,812.45,814.14,820.4,400.1,"48,35,856","3,93,70,66,936.90","1,97,513"
16-Jan-24,EQ,812.45,827,812.45,812.45,817.65,818.85,821.11,827,400.1,"1,01,59,066","8,34,16,81,993.50","2,21,497"
17-Jan-24,EQ,811,813.7,804,818.85,807.5,805.55,808.24,827,400.1,"78,95,439","6,38,13,88,279.55","2,16,248"
18-Jan-24,EQ,807,822.95,797,805.55,819.6,819.05,812.7,827,400.1,"1,15,00,495","9,34,64,47,986.25","2,80,473"
19-Jan-24,EQ,823.85,826,819.5,819.05,824,823.55,822.98,827,400.1,"57,06,888","4,69,66,52,130.95","1,56,090"
20-Jan-24,EQ,826,827,817.05,823.55,819.95,818.9,821.45,827,400.1,"28,37,388","2,33,07,75,194.85","76,427"
23-Jan-24,EQ,824.9,827.6,796.3,818.9,802.55,800.45,810.46,827.6,400.45,"94,36,209","7,64,76,62,373.75","2,24,944"
24-Jan-24,EQ,802.4,812,788.5,800.45,811.65,810.9,803.01,827.6,400.45,"72,17,542","5,79,57,67,502.25","1,83,775"
25-Jan-24,EQ,814,814.15,800.3,810.9,810.55,811.85,809.73,827.6,400.45,"1,01,09,720","8,18,61,65,890.10","1,82,572"
29-Jan-24,EQ,811.85,843.8,811.05,811.85,840.55,841,830.88,843.8,400.45,"1,28,23,686","10,65,49,91,884.60","2,50,441"
30-Jan-24,EQ,843,885.95,842.85,841,864.9,858.85,863.55,885.95,400.45,"1,97,34,613","17,04,18,84,369.10","3,49,849"
31-Jan-24,EQ,865.2,896.5,865.2,858.85,884.8,884.2,882.17,896.5,400.45,"2,45,62,392","21,66,81,38,577.05","4,08,702"
1-Feb-24,EQ,900,900.15,876.3,884.2,880,878.5,886.7,900.15,400.45,"1,45,05,885","12,86,23,06,257.75","2,90,615"
2-Feb-24,EQ,886,895.75,876.85,878.5,882.8,878.75,886.37,900.15,400.45,"1,30,03,437","11,52,58,98,374.50","3,17,653"
5-Feb-24,EQ,934,950,915.35,878.75,929.75,926.8,934.93,950,400.45,"3,86,86,871","36,16,96,70,768.70","6,47,208"
6-Feb-24,EQ,936.4,941.3,928.4,926.8,939.7,939.55,937.35,950,400.45,"1,27,14,803","11,91,82,59,367.80","3,26,341"
7-Feb-24,EQ,944,944,928.05,939.55,935,933.8,935.53,950,400.45,"79,13,010","7,40,28,35,642.10","2,86,625"
8-Feb-24,EQ,937,939.7,918.8,933.8,925,924.3,926.75,950,400.45,"1,15,76,253","10,72,83,17,488.90","3,05,476"
9-Feb-24,EQ,926,927.4,906.05,924.3,915.7,915,914.6,950,400.45,"79,04,881","7,22,98,33,132.70","2,70,899"
12-Feb-24,EQ,916.1,925,908,915,912,911.6,915.51,950,400.45,"72,86,778","6,67,11,36,318.90","2,08,068"
13-Feb-24,EQ,911.6,919.1,894,911.6,907.95,906.9,907.32,950,400.45,"85,74,218","7,77,95,85,680.05","2,31,171"
14-Feb-24,EQ,900,919.95,894.35,906.9,918.5,918.3,908.86,950,400.45,"65,70,939","5,97,20,68,977.20","1,83,347"
15-Feb-24,EQ,923.7,927,916.35,918.3,920.55,920.55,921.13,950,400.45,"64,30,799","5,92,35,96,433.30","1,82,677"
16-Feb-24,EQ,925,948.8,924.1,920.55,938.4,938.6,941.47,950,400.45,"1,28,26,164","12,07,54,06,001.80","2,66,600"
19-Feb-24,EQ,942.95,942.95,931.05,938.6,933.8,932.6,934.1,950,400.45,"46,32,214","4,32,69,48,761.15","1,37,170"
20-Feb-24,EQ,934.45,934.65,920.4,932.6,927.65,926.35,926.54,950,400.45,"47,33,639","4,38,58,87,798.70","1,53,026"
21-Feb-24,EQ,926.35,937.2,916.5,926.35,921.5,921.05,927.22,950,400.45,"60,11,018","5,57,35,15,628.15","1,57,853"
22-Feb-24,EQ,924.65,933.85,914.6,921.05,932,932.3,924.59,950,400.45,"64,37,014","5,95,15,96,828.20","1,86,849"
23-Feb-24,EQ,933.1,939.8,929.4,932.3,935.05,937.4,935.7,950,400.45,"70,47,473","6,59,43,19,211.95","1,77,363"
26-Feb-24,EQ,937.1,945,930.7,937.4,937,936.95,939.4,950,400.45,"56,00,234","5,26,08,57,679.25","1,55,986"
27-Feb-24,EQ,936.75,965,935.5,936.95,962.55,962.7,952.91,965,400.45,"1,28,10,206","12,20,69,13,965.65","2,55,150"
28-Feb-24,EQ,966.15,976,950.3,962.7,956.45,958.05,964.72,976,400.45,"1,52,19,187","14,68,23,25,105.15","2,74,090"
29-Feb-24,EQ,959,959.25,942.9,958.05,954.8,950.2,951.04,976,400.45,"1,03,46,657","9,84,01,23,082.15","2,65,774"
1-Mar-24,EQ,958.95,980.4,956.7,950.2,978,977.4,973.55,980.4,400.45,"1,06,45,369","10,36,38,17,721.85","2,62,649"
2-Mar-24,EQ,987,992.6,981.55,977.4,989,988.35,988.11,992.6,400.45,"17,83,565","1,76,23,52,615.40","44,527"
4-Mar-24,EQ,993.25,995,980.1,988.35,988.9,987.2,987.44,995,400.45,"60,84,495","6,00,80,71,877.35","1,72,305"
5-Mar-24,EQ,"1,027.00","1,065.60","1,005.35",987.2,"1,022.60","1,021.90","1,034.27","1,065.60",400.45,"5,98,11,033","61,86,08,32,911.30","10,21,819"
6-Mar-24,EQ,"1,025.00","1,030.65","1,009.00","1,021.90","1,018.30","1,017.65","1,017.80","1,065.60",400.45,"1,42,14,823","14,46,78,13,308.05","3,24,328"
7-Mar-24,EQ,"1,025.00","1,047.00","1,014.05","1,017.65","1,038.00","1,039.30","1,034.02","1,065.60",400.45,"1,68,77,082","17,45,12,86,445.70","3,34,768"
11-Mar-24,EQ,"1,034.75","1,035.95","1,021.00","1,039.30","1,029.00","1,028.00","1,028.41","1,065.60",400.45,"75,02,450","7,71,56,05,116.35","2,26,237"
12-Mar-24,EQ,"1,027.80","1,037.00","1,011.30","1,028.00","1,019.00","1,016.50","1,022.19","1,065.60",400.45,"87,63,820","8,95,82,73,288.40","2,43,990"
13-Mar-24,EQ,"1,019.00","1,021.00",963.55,"1,016.50",973.15,973.2,988.04,"1,065.60",400.45,"1,65,64,155","16,36,60,04,383.05","4,29,325"
14-Mar-24,EQ,964.95,982,955.4,973.2,968.4,967.75,968.09,"1,065.60",400.45,"2,29,31,801","22,20,00,06,561.95","4,53,838"
15-Mar-24,EQ,968.4,979.75,940,967.75,943.95,945.85,951.07,"1,065.60",400.45,"2,33,90,913","22,24,63,00,902.20","4,09,527"
18-Mar-24,EQ,945.85,974.8,936.65,945.85,972,972.45,961.64,"1,065.60",400.45,"1,21,21,719","11,65,67,66,985.35","3,01,579"
19-Mar-24,EQ,968.55,970.6,951.6,972.45,958.2,957.75,960.6,"1,065.60",400.45,"94,83,750","9,11,01,35,924.35","2,38,021"
20-Mar-24,EQ,960.9,965.15,921.2,957.75,944.3,940.45,940.72,"1,065.60",400.45,"1,39,00,321","13,07,63,39,290.15","3,34,099"
21-Mar-24,EQ,951,969.25,946,940.45,965.55,964.9,959.7,"1,065.60",400.45,"1,10,74,207","10,62,78,71,292.80","2,55,104"
22-Mar-24,EQ,964.9,986.2,950.35,964.9,979.75,979.8,973.11,"1,065.60",400.45,"1,36,38,296","13,27,15,35,879.30","3,31,701"
26-Mar-24,EQ,977,995,976,979.8,987.15,986.2,988.47,"1,065.60",400.45,"94,61,531","9,35,24,25,727.35","2,03,693"
27-Mar-24,EQ,991.6,995,976.7,986.2,979.85,978.65,986.05,"1,065.60",400.45,"66,40,537","6,54,79,01,957.20","1,53,746"
28-Mar-24,EQ,982.5,999.9,979,978.65,995,992.8,989.41,"1,065.60",400.45,"98,62,996","9,75,85,05,417.60","2,06,461"
1-Apr-24,EQ,"1,000.00","1,009.85",987.45,992.8,994,992.25,999.89,"1,065.60",419.5,"86,29,407","8,62,84,17,031.65","1,86,115"
2-Apr-24,EQ,999,"1,008.00",993.4,992.25,"1,006.40","1,004.65","1,001.88","1,065.60",419.5,"79,95,931","8,01,09,66,198.30","1,40,240"
3-Apr-24,EQ,"1,004.00","1,014.45",992.55,"1,004.65","1,009.80","1,009.15","1,005.24","1,065.60",419.5,"80,40,366","8,08,24,83,994.30","1,78,668"
4-Apr-24,EQ,"1,016.00","1,017.00",998.15,"1,009.15","1,013.00","1,011.60","1,009.18","1,065.60",419.5,"91,38,276","9,22,21,66,611.85","2,22,736"
5-Apr-24,EQ,"1,011.60","1,012.50","1,004.40","1,011.60","1,007.85","1,007.10","1,007.70","1,065.60",419.5,"45,19,120","4,55,39,38,869.15","1,25,137"
8-Apr-24,EQ,"1,010.05","1,016.40","1,004.00","1,007.10","1,012.70","1,013.20","1,011.67","1,065.60",452,"51,88,052","5,24,85,88,584.35","1,35,516"
9-Apr-24,EQ,"1,021.00","1,029.50","1,005.00","1,013.20","1,008.00","1,008.50","1,016.63","1,065.60",452,"85,39,041","8,68,10,62,975.60","1,65,448"
10-Apr-24,EQ,"1,012.25","1,021.00","1,010.00","1,008.50","1,014.00","1,013.50","1,013.34","1,065.60",452,"45,54,077","4,61,48,09,424.85","1,47,535"
12-Apr-24,EQ,"1,014.00","1,029.00","1,013.50","1,013.50","1,020.00","1,018.50","1,022.78","1,065.60",452,"1,15,75,194","11,83,88,97,334.00","2,69,532"
15-Apr-24,EQ,998.1,"1,006.95",978.5,"1,018.50",997.95,998.8,996.59,"1,065.60",465.8,"1,26,32,409","12,58,93,70,202.80","3,15,872"
16-Apr-24,EQ,990,"1,004.90",982.1,998.8,992.2,992.8,994.95,"1,065.60",465.8,"95,74,762","9,52,64,21,190.55","3,71,266"
18-Apr-24,EQ,996.35,"1,003.10",966.25,992.8,977.55,971.35,985.92,"1,065.60",465.8,"1,35,40,490","13,34,98,51,587.35","3,86,743"
19-Apr-24,EQ,964,967.95,944,971.35,964.4,963.2,956.12,"1,065.60",465.8,"1,53,81,310","14,70,64,20,442.10","4,55,804"
22-Apr-24,EQ,978.75,978.75,966,963.2,974.7,973.55,971.86,"1,065.60",468.3,"71,87,959","6,98,56,55,749.55","1,85,545"
23-Apr-24,EQ,976,994.5,974.05,973.55,987.75,986.75,985.98,"1,065.60",468.3,"79,94,116","7,88,20,75,910.30","2,04,024"
24-Apr-24,EQ,992.4,995.9,988,986.75,990.8,991.65,991.57,"1,065.60",468.3,"46,71,450","4,63,20,68,971.70","1,32,021"
25-Apr-24,EQ,992.5,"1,003.30",989.5,991.65,"1,002.00","1,001.25",996.95,"1,065.60",468.3,"83,66,455","8,34,09,20,069.70","1,91,801"
26-Apr-24,EQ,"1,007.80","1,008.95",996.6,"1,001.25","1,000.00",999.5,"1,002.09","1,065.60",468.3,"79,37,500","7,95,41,27,656.55","2,07,973"
29-Apr-24,EQ,"1,003.05","1,005.75",999,999.5,"1,000.05","1,000.60","1,001.33","1,065.60",474.55,"47,64,750","4,77,10,91,108.70","1,38,831"
30-Apr-24,EQ,"1,005.00","1,019.45",997.5,"1,000.60","1,008.00","1,007.90","1,013.13","1,065.60",474.55,"90,47,011","9,16,58,14,674.35","2,17,132"
2-May-24,EQ,"1,020.00","1,030.00","1,011.55","1,007.90","1,028.80","1,027.80","1,024.12","1,065.60",474.55,"1,26,95,047","13,00,13,13,075.95","3,25,584"
3-May-24,EQ,"1,038.00","1,040.20",996,"1,027.80","1,014.50","1,013.40","1,017.92","1,065.60",474.55,"1,18,71,773","12,08,45,02,533.20","2,94,136"
6-May-24,EQ,"1,015.00","1,019.80","1,005.00","1,013.40","1,015.10","1,016.20","1,013.30","1,065.60",478.1,"57,24,760","5,80,09,03,344.70","1,52,486"
7-May-24,EQ,"1,016.20","1,017.95",982.05,"1,016.20",988,988.55,995.72,"1,065.60",478.1,"88,77,426","8,83,94,36,147.40","2,68,478"
8-May-24,EQ,986.95,"1,015.00",977,988.55,"1,013.10","1,012.10","1,001.59","1,065.60",478.1,"75,19,352","7,53,12,91,997.20","1,76,945"
9-May-24,EQ,"1,011.00","1,043.20","1,007.30","1,012.10","1,030.00","1,030.30","1,031.37","1,065.60",478.1,"1,91,89,798","19,79,17,72,664.40","3,73,117"
10-May-24,EQ,"1,037.00","1,050.35","1,030.40","1,030.30","1,047.00","1,046.65","1,041.70","1,065.60",478.1,"1,33,83,183","13,94,12,41,784.40","2,72,084"
13-May-24,EQ,"1,005.00","1,008.70",947.2,"1,046.65",959.4,959.75,965.73,"1,065.60",504.75,"5,89,74,762","56,95,37,31,977.95","12,49,124"
14-May-24,EQ,965.1,968,953.25,959.75,964.75,964.65,961.48,"1,065.60",504.75,"1,63,25,689","15,69,67,71,291.20","4,44,401"
15-May-24,EQ,970.95,972.95,945.1,964.65,946,947.3,955.59,"1,065.60",504.75,"1,96,68,239","18,79,47,94,488.80","5,52,332"
16-May-24,EQ,953.2,954.4,919,947.3,939.2,936.4,932.31,"1,065.60",504.75,"3,12,40,770","29,12,60,84,706.15","9,91,302"
17-May-24,EQ,944,953.4,941,936.4,944.95,945.7,946.87,"1,065.60",504.75,"1,32,05,512","12,50,39,51,677.20","3,45,592"
18-May-24,EQ,950,958,947,945.7,954,953.95,951.58,"1,065.60",504.75,"19,30,324","1,83,68,62,132.25","46,830"
21-May-24,EQ,954,956.65,948.7,953.95,950.5,951.3,952.23,"1,065.60",509.1,"1,00,55,258","9,57,49,46,020.95","3,08,306"
22-May-24,EQ,952,954.9,942.55,951.3,947.95,947.5,948.59,"1,065.60",509.1,"94,95,279","9,00,71,05,777.45","2,43,237"
23-May-24,EQ,950,963.45,945.05,947.5,962.45,962.35,955.16,"1,065.60",509.1,"1,12,11,074","10,70,83,62,879.35","2,57,170"
24-May-24,EQ,962.5,970.95,958,962.35,958.9,960.55,965.97,"1,065.60",509.1,"95,90,588","9,26,42,65,969.40","2,55,338"
27-May-24,EQ,964.9,966.45,952,960.55,959.2,958.5,960.65,"1,065.60",516.4,"69,16,555","6,64,43,93,473.10","1,74,172"
28-May-24,EQ,959,961.9,946,958.5,947.45,947.55,951.76,"1,065.60",516.4,"66,18,946","6,29,96,51,307.05","1,97,988"
29-May-24,EQ,946.95,950.5,938.8,947.55,943.5,943.6,944.04,"1,065.60",516.4,"81,84,019","7,72,60,12,188.20","2,35,178"
30-May-24,EQ,943.5,951.45,921,943.6,929.35,923.95,932.76,"1,065.60",516.4,"1,01,70,912","9,48,70,37,493.15","3,12,135"
31-May-24,EQ,931.65,937.25,920.1,923.95,924.5,923,926.9,"1,065.60",516.4,"1,42,89,102","13,24,45,60,246.05","2,92,240"
3-Jun-24,EQ,963,963,934,923,951.5,950.45,945.99,"1,065.60",537.9,"1,23,14,329","11,64,91,70,721.05","3,03,950"
4-Jun-24,EQ,948,948,855.4,950.45,904.95,903.9,903.72,"1,065.60",537.9,"2,65,54,598","23,99,79,86,160.70","8,13,215"
5-Jun-24,EQ,924.95,933.75,890,903.9,928,929.95,917.55,"1,065.60",537.9,"1,37,52,553","12,61,87,06,601.05","3,47,081"
6-Jun-24,EQ,940,946,931.2,929.95,939.5,938.25,939.29,"1,065.60",537.9,"1,17,92,640","11,07,67,24,156.05","3,58,066"
7-Jun-24,EQ,940,973,935.25,938.25,970,970.5,959.91,"1,065.60",537.9,"1,55,77,866","14,95,32,76,886.75","3,19,681"
10-Jun-24,EQ,977,984.9,969.1,970.5,974.8,975.15,976.04,"1,065.60",557.7,"92,58,931","9,03,71,31,825.15","2,02,911"
11-Jun-24,EQ,973.8,992.55,966.65,975.15,986.15,987.1,984.93,"1,065.60",557.7,"1,48,28,702","14,60,53,01,145.30","4,00,232"
12-Jun-24,EQ,994.5,"1,010.25",987,987.1,989.2,988.7,996.34,"1,065.60",557.7,"1,75,27,993","17,46,38,64,630.25","4,30,324"
13-Jun-24,EQ,"1,002.00","1,002.00",980.75,988.7,985.8,985.85,988.6,"1,065.60",557.7,"1,21,57,226","12,01,86,56,079.65","2,95,633"
14-Jun-24,EQ,990,997.25,981.4,985.85,992,993.4,990.22,"1,065.60",557.7,"1,15,91,421","11,47,80,53,630.05","3,09,906"
18-Jun-24,EQ,"1,000.00","1,003.55",984,993.4,986.5,985.9,992.19,"1,065.60",557.7,"98,45,075","9,76,81,98,778.40","2,84,505"
19-Jun-24,EQ,990,994.9,975.15,985.9,977.5,977.35,983.31,"1,065.60",557.7,"76,05,719","7,47,87,62,920.90","1,82,319"
20-Jun-24,EQ,980,988.4,976.35,977.35,979.1,978.25,981.43,"1,065.60",557.7,"72,99,571","7,16,40,54,388.95","1,75,319"
21-Jun-24,EQ,979,980.9,958.1,978.25,960,961.8,966.4,"1,065.60",557.7,"1,43,03,735","13,82,31,76,478.20","3,86,477"
24-Jun-24,EQ,960.9,963.5,950.05,961.8,959,958.05,957.97,"1,065.60",557.8,"66,55,577","6,37,58,11,978.75","1,82,820"
25-Jun-24,EQ,960,962.85,949.3,958.05,955.5,955,954.6,"1,065.60",557.8,"73,04,128","6,97,25,50,149.55","2,15,159"
26-Jun-24,EQ,956,962.5,950.1,955,952.5,951.85,956.51,"1,065.60",557.8,"69,08,988","6,60,85,39,093.40","1,82,508"
27-Jun-24,EQ,952.5,974.85,948.05,951.85,972.6,972.1,959.23,"1,065.60",557.8,"1,93,85,412","18,59,50,83,922.20","2,73,327"
28-Jun-24,EQ,975,998.5,972.55,972.1,989.2,989.75,989.82,"1,065.60",557.8,"2,30,25,267","22,79,09,23,244.55","4,26,973"
1-Jul-24,EQ,989.75,"1,005.50",985.2,989.75,"1,000.00","1,002.05",996.45,"1,065.60",584.95,"1,40,06,105","13,95,63,45,878.05","2,47,271"
2-Jul-24,EQ,"1,004.05","1,005.00",979.1,"1,002.05",982.5,981.3,988.36,"1,065.60",584.95,"1,22,84,132","12,14,11,66,752.35","2,52,422"
3-Jul-24,EQ,984.95,987.35,973.5,981.3,977.25,975.65,977.3,"1,065.60",584.95,"73,46,258","7,17,95,27,220.45","2,30,730"
4-Jul-24,EQ,984,"1,004.00",979.6,975.65,"1,002.50",998.2,992.82,"1,065.60",584.95,"1,21,39,832","12,05,26,90,682.10","2,28,411"
5-Jul-24,EQ,"1,005.00","1,006.60",989.95,998.2,992.9,993.65,996.93,"1,065.60",584.95,"90,50,375","9,02,26,29,661.70","2,07,489"
8-Jul-24,EQ,"1,005.00","1,016.60",996.2,993.65,"1,002.90","1,002.60","1,005.86","1,065.60",593.3,"1,33,12,085","13,39,01,56,806.85","2,58,538"
9-Jul-24,EQ,"1,000.95","1,017.00",998.1,"1,002.60","1,014.15","1,014.95","1,010.93","1,065.60",593.3,"1,09,48,094","11,06,77,56,784.35","2,04,321"
10-Jul-24,EQ,"1,015.00","1,019.85",986.05,"1,014.95","1,004.30","1,005.50","1,006.58","1,065.60",593.3,"1,34,12,206","13,50,04,45,675.60","2,66,731"
11-Jul-24,EQ,"1,008.00","1,025.50","1,007.05","1,005.50","1,021.20","1,020.80","1,020.12","1,065.60",593.3,"1,19,83,571","12,22,47,30,348.70","2,62,202"
12-Jul-24,EQ,"1,023.85","1,025.90","1,015.00","1,020.80","1,018.20","1,016.75","1,020.26","1,065.60",593.3,"73,39,644","7,48,83,35,702.40","1,77,026"
15-Jul-24,EQ,"1,021.35","1,029.80","1,017.30","1,016.75","1,024.50","1,024.45","1,025.55","1,065.60",593.3,"58,47,333","5,99,67,56,146.45","1,59,747"
16-Jul-24,EQ,"1,025.50","1,029.60","1,019.20","1,024.45","1,020.00","1,021.15","1,023.51","1,065.60",593.3,"48,24,555","4,93,79,99,824.75","1,12,175"
18-Jul-24,EQ,"1,022.95","1,027.00","1,008.00","1,021.15","1,025.00","1,024.55","1,019.04","1,065.60",593.3,"80,10,324","8,16,28,46,376.75","2,27,199"
19-Jul-24,EQ,"1,024.00","1,024.00",986.65,"1,024.55",990.8,990,"1,002.41","1,065.60",593.3,"74,00,178","7,41,80,29,167.70","2,22,285"
22-Jul-24,EQ,990,"1,008.00",976.55,990,"1,003.90","1,003.15",996.51,"1,065.60",593.3,"73,96,198","7,37,03,49,634.00","1,84,710"
23-Jul-24,EQ,"1,007.90","1,008.65",967.2,"1,003.15","1,001.00","1,001.80",996.08,"1,065.60",593.3,"1,03,84,177","10,34,34,74,615.85","2,78,738"
24-Jul-24,EQ,997.8,"1,034.25",995.15,"1,001.80","1,026.45","1,027.70","1,024.27","1,065.60",593.3,"1,14,69,098","11,74,74,66,151.50","2,53,508"
25-Jul-24,EQ,"1,029.00","1,094.00","1,024.35","1,027.70","1,089.05","1,090.95","1,072.70","1,094.00",593.3,"3,27,66,835","35,14,88,51,986.10","6,43,962"
26-Jul-24,EQ,"1,111.95","1,120.50","1,083.60","1,090.95","1,116.05","1,118.30","1,102.42","1,120.50",593.3,"2,12,32,845","23,40,75,96,444.55","3,50,076"
29-Jul-24,EQ,"1,124.00","1,139.90","1,118.60","1,118.30","1,124.00","1,124.00","1,126.98","1,139.90",593.3,"1,18,50,624","13,35,53,95,151.85","2,40,071"
30-Jul-24,EQ,"1,125.80","1,179.00","1,118.60","1,124.00","1,162.00","1,161.85","1,159.58","1,179.00",593.3,"2,85,92,304","33,15,49,78,461.75","4,79,248"
31-Jul-24,EQ,"1,164.00","1,167.90","1,145.30","1,161.85","1,159.00","1,156.65","1,155.71","1,179.00",593.3,"1,08,60,623","12,55,17,38,775.95","2,76,733"
1-Aug-24,EQ,"1,167.00","1,176.00","1,136.50","1,156.65","1,142.65","1,144.40","1,152.27","1,179.00",593.3,"1,43,75,948","16,56,50,40,996.00","3,15,403"
2-Aug-24,EQ,"1,120.00","1,120.00","1,090.05","1,144.40","1,095.00","1,096.65","1,102.36","1,179.00",593.3,"2,19,67,812","24,21,64,06,152.15","5,21,622"
5-Aug-24,EQ,"1,059.95","1,065.00","1,014.05","1,096.65","1,015.45","1,016.45","1,034.68","1,179.00",593.3,"2,66,51,144","27,57,54,30,534.50","7,74,396"
6-Aug-24,EQ,"1,030.00","1,060.65","1,008.40","1,016.45","1,018.55","1,013.75","1,032.34","1,179.00",593.3,"1,67,26,393","17,26,74,02,640.30","5,29,099"
7-Aug-24,EQ,"1,036.05","1,040.20","1,015.05","1,013.75","1,027.00","1,025.30","1,022.17","1,179.00",593.3,"99,78,703","10,19,99,27,148.55","2,70,211"
8-Aug-24,EQ,"1,034.95","1,056.40","1,027.00","1,025.30","1,042.00","1,041.75","1,043.95","1,179.00",593.3,"1,95,29,790","20,38,81,69,431.55","3,98,999"
9-Aug-24,EQ,"1,055.00","1,082.95","1,052.05","1,041.75","1,071.00","1,068.10","1,070.33","1,179.00",593.3,"1,54,43,008","16,52,91,64,246.20","4,03,926"
12-Aug-24,EQ,"1,065.00","1,079.90","1,055.00","1,068.10","1,075.40","1,076.15","1,074.62","1,179.00",593.3,"1,13,11,050","12,15,51,20,942.60","2,83,848"
13-Aug-24,EQ,"1,074.85","1,075.50","1,048.20","1,076.15","1,056.35","1,053.45","1,058.44","1,179.00",593.3,"75,08,231","7,94,69,93,629.20","2,56,317"
14-Aug-24,EQ,"1,057.00","1,067.05","1,047.00","1,053.45","1,062.85","1,062.35","1,059.22","1,179.00",593.3,"82,11,830","8,69,81,60,597.85","3,38,678"
16-Aug-24,EQ,"1,072.00","1,099.95","1,070.00","1,062.35","1,098.00","1,098.35","1,088.94","1,179.00",593.3,"1,14,35,650","12,45,27,12,625.80","3,59,319"
19-Aug-24,EQ,"1,105.90","1,107.00","1,085.00","1,098.35","1,090.00","1,087.70","1,091.34","1,179.00",593.3,"69,11,441","7,54,27,57,858.80","2,15,413"
20-Aug-24,EQ,"1,097.00","1,098.05","1,082.05","1,087.70","1,087.00","1,086.90","1,086.98","1,179.00",593.3,"56,25,723","6,11,50,56,870.40","1,52,463"
21-Aug-24,EQ,"1,089.00","1,095.30","1,083.30","1,086.90","1,086.85","1,085.20","1,087.29","1,179.00",593.3,"48,69,876","5,29,49,53,041.10","1,40,012"
22-Aug-24,EQ,"1,090.00","1,094.75","1,064.95","1,085.20","1,072.00","1,068.45","1,073.05","1,179.00",593.3,"93,77,476","10,06,24,58,859.25","2,13,793"
23-Aug-24,EQ,"1,073.00","1,092.60","1,071.00","1,068.45","1,085.35","1,085.15","1,084.19","1,179.00",593.3,"1,01,79,655","11,03,66,65,762.20","2,12,611"
26-Aug-24,EQ,"1,089.00","1,103.35","1,082.85","1,085.15","1,094.40","1,092.40","1,095.15","1,179.00",599.05,"94,15,039","10,31,08,60,261.90","2,06,672"
27-Aug-24,EQ,"1,093.05","1,096.65","1,075.00","1,092.40","1,079.90","1,077.25","1,083.48","1,179.00",599.05,"88,13,305","9,54,90,07,082.90","1,88,735"
28-Aug-24,EQ,"1,082.95","1,088.70","1,070.10","1,077.25","1,073.80","1,074.55","1,078.20","1,179.00",599.05,"81,45,376","8,78,23,38,142.85","1,45,258"
29-Aug-24,EQ,"1,079.05","1,142.00","1,066.00","1,074.55","1,112.90","1,121.65","1,109.08","1,179.00",599.05,"4,06,58,159","45,09,30,83,295.55","4,10,027"
30-Aug-24,EQ,"1,113.95","1,115.00","1,097.45","1,121.65","1,109.00","1,111.35","1,109.49","1,179.00",599.05,"1,76,47,545","19,57,97,98,333.80","2,76,947"
2-Sep-24,EQ,"1,105.00","1,105.00","1,087.35","1,111.35","1,093.00","1,092.65","1,094.25","1,179.00",605.6,"81,16,675","8,88,17,10,477.65","2,06,392"
3-Sep-24,EQ,"1,097.60","1,100.00","1,082.20","1,092.65","1,086.55","1,085.10","1,089.20","1,179.00",605.6,"50,88,731","5,54,26,59,967.15","1,64,019"
4-Sep-24,EQ,"1,079.00","1,085.00","1,072.10","1,085.10","1,081.00","1,080.45","1,078.18","1,179.00",605.6,"46,65,908","5,03,06,80,535.70","1,40,011"
5-Sep-24,EQ,"1,081.00","1,085.85","1,066.95","1,080.45","1,068.70","1,069.15","1,074.87","1,179.00",605.6,"79,00,593","8,49,20,90,556.35","2,24,556"
6-Sep-24,EQ,"1,068.80","1,072.95","1,040.50","1,069.15","1,050.65","1,049.35","1,051.98","1,179.00",605.6,"87,17,377","9,17,04,90,006.70","3,07,427"
9-Sep-24,EQ,"1,049.35","1,049.95","1,026.25","1,049.35","1,040.80","1,038.70","1,035.04","1,179.00",608.3,"72,06,054","7,45,85,38,437.00","2,50,411"
10-Sep-24,EQ,"1,049.00","1,049.00","1,032.20","1,038.70","1,035.00","1,035.80","1,038.72","1,179.00",608.3,"69,19,238","7,18,71,65,122.00","2,54,751"
11-Sep-24,EQ,"1,000.00","1,011.55",971.25,"1,035.80",976.4,976.3,983.79,"1,179.00",608.3,"3,61,40,411","35,55,45,73,915.35","10,60,328"
12-Sep-24,EQ,976.3,988,958,976.3,984,986.15,973.48,"1,179.00",608.3,"2,56,75,836","24,99,48,36,924.25","6,12,687"
13-Sep-24,EQ,994.9,"1,006.00",988,986.15,991.85,992.1,994.82,"1,179.00",608.3,"1,32,03,676","13,13,53,30,656.10","3,30,078"
16-Sep-24,EQ,997,999.9,984.5,992.1,988.45,988.4,990.38,"1,179.00",608.3,"58,36,274","5,78,01,10,599.55","1,89,546"
17-Sep-24,EQ,995,995,960,988.4,975,974.95,969.17,"1,179.00",608.3,"4,45,16,613","43,14,40,98,335.60","5,18,729"
18-Sep-24,EQ,978.2,983.7,957.15,974.95,959.2,962.05,968.76,"1,179.00",608.3,"1,20,44,431","11,66,81,31,471.45","2,41,634"
19-Sep-24,EQ,970.4,978.95,956.35,962.05,969.95,967,966.21,"1,179.00",608.3,"1,34,66,770","13,01,17,04,761.55","3,18,723"
20-Sep-24,EQ,967,977.5,949.2,967,971.3,970.85,968.78,"1,179.00",608.3,"1,67,64,981","16,24,15,31,315.75","3,45,069"
23-Sep-24,EQ,973.5,979.2,966.05,970.85,972.3,971.8,972.23,"1,179.00",608.3,"1,02,54,297","9,96,95,67,890.40","2,60,064"
24-Sep-24,EQ,974,985,972.6,971.8,976.95,977.3,977.93,"1,179.00",608.3,"1,27,55,422","12,47,39,06,842.30","3,69,601"
25-Sep-24,EQ,982.4,982.5,959.25,977.3,964,963.6,965.11,"1,179.00",608.3,"1,29,59,075","12,50,69,01,289.00","4,83,047"
26-Sep-24,EQ,970.8,994.95,965.6,963.6,990.9,993.15,984.31,"1,179.00",608.3,"2,16,40,021","21,30,05,73,909.50","4,11,197"
27-Sep-24,EQ,996,"1,000.40",989.15,993.15,989.9,993,994.16,"1,179.00",608.3,"1,03,60,030","10,29,95,08,735.85","3,02,339"
30-Sep-24,EQ,993,996.95,971.8,993,975.8,974.65,979.12,"1,179.00",608.3,"1,22,25,895","11,97,06,75,193.80","3,75,285"
1-Oct-24,EQ,976.9,984.5,958.9,974.65,966.4,965.2,972.72,"1,179.00",608.3,"1,00,85,203","9,81,00,98,380.40","2,47,160"
3-Oct-24,EQ,939,950.15,925,965.2,928.8,925.7,934.51,"1,179.00",608.3,"2,44,18,517","22,81,93,00,079.70","8,67,561"
4-Oct-24,EQ,930,949.2,920,925.7,933.55,930.75,934.22,"1,179.00",608.3,"1,91,87,758","17,92,56,20,904.35","4,64,043"
7-Oct-24,EQ,942,944.45,915,930.75,928.3,927.85,929.05,"1,179.00",613.7,"1,17,72,546","10,93,72,92,703.65","3,49,818"
8-Oct-24,EQ,916,924.8,893.85,927.85,924.8,919.8,909.63,"1,179.00",613.7,"2,11,77,886","19,26,40,94,909.95","5,81,422"
9-Oct-24,EQ,926.8,948.45,925.5,919.8,939,939.15,941.16,"1,179.00",613.7,"1,15,57,737","10,87,76,73,698.75","3,17,263"
10-Oct-24,EQ,933.75,943.6,912.35,939.15,930.6,928.5,932.19,"1,179.00",613.7,"1,32,49,851","12,35,14,00,535.90","3,50,137"
11-Oct-24,EQ,932,937,928.5,928.5,931.4,930.7,932.01,"1,179.00",613.7,"44,59,529","4,15,63,04,745.40","1,51,010"
14-Oct-24,EQ,930,940,925.35,930.7,929,928.25,932.68,"1,179.00",621.85,"57,40,649","5,35,42,15,635.85","2,07,829"
15-Oct-24,EQ,932.95,935.35,913,928.25,918.9,917.3,920.38,"1,179.00",621.85,"90,58,919","8,33,76,24,875.65","2,81,499"
16-Oct-24,EQ,917.05,923,900,917.3,906.15,907.45,909.4,"1,179.00",621.85,"1,02,98,258","9,36,52,10,713.50","3,70,552"
17-Oct-24,EQ,914.95,914.95,890.05,907.45,894.3,891.6,899.88,"1,179.00",621.85,"1,38,64,583","12,47,64,79,509.40","5,52,996"
18-Oct-24,EQ,894.3,917.7,886.8,891.6,911,910.15,906.85,"1,179.00",621.85,"1,15,27,914","10,45,40,74,347.95","3,00,927"
21-Oct-24,EQ,912.05,917.65,898.1,910.15,902.75,903.3,905.03,"1,179.00",621.85,"73,90,557","6,68,86,54,541.95","2,04,274"
22-Oct-24,EQ,905,906.1,875.25,903.3,881.5,879.5,886.02,"1,179.00",621.85,"1,36,17,490","12,06,54,21,624.50","5,32,014"
23-Oct-24,EQ,879,885.6,863.3,879.5,876,877.65,876.37,"1,179.00",621.85,"1,05,53,771","9,24,89,88,266.30","3,56,148"
24-Oct-24,EQ,875.25,890,875.25,877.65,880.5,880,882.7,"1,179.00",621.85,"72,33,484","6,38,50,16,045.35","2,86,907"
25-Oct-24,EQ,883.9,885.75,857.3,880,864.05,864.3,865.79,"1,179.00",621.85,"1,08,73,022","9,41,37,79,457.85","3,79,450"
28-Oct-24,EQ,867.85,886.75,860.2,864.3,881.9,878.45,876.38,"1,179.00",621.85,"71,06,045","6,22,75,76,352.30","2,03,043"
29-Oct-24,EQ,880.25,882.5,825.7,878.45,844,842.75,843.06,"1,179.00",621.85,"2,68,18,871","22,60,98,93,023.45","7,26,757"
30-Oct-24,EQ,846,853.6,838.05,842.75,840,840.2,845.85,"1,179.00",621.85,"1,29,33,218","10,93,96,24,878.40","3,28,464"
31-Oct-24,EQ,843.85,843.85,831.85,840.2,835.25,834.05,835.59,"1,179.00",621.85,"1,19,04,413","9,94,71,96,716.70","2,87,659"
1-Nov-24,EQ,847.95,847.95,840,834.05,843.1,843.45,844.54,"1,179.00",621.85,"29,00,548","2,44,96,18,401.30","1,34,792"
4-Nov-24,EQ,840,844.45,814.5,843.45,824.2,824.1,822.77,"1,179.00",641.9,"1,55,14,419","12,76,47,67,992.30","4,67,713"
5-Nov-24,EQ,821.5,843.6,820.4,824.1,835.6,835.65,832.4,"1,179.00",641.9,"1,02,15,249","8,50,31,92,983.75","2,55,937"
6-Nov-24,EQ,843.9,843.9,826,835.65,840.5,839.7,836.11,"1,179.00",641.9,"1,05,79,596","8,84,57,13,534.70","2,73,406"
7-Nov-24,EQ,841,842.75,817.3,839.7,821.8,819.75,826.73,"1,179.00",641.9,"1,32,37,161","10,94,35,75,455.95","3,81,746"
8-Nov-24,EQ,821.95,822,801.1,819.75,803.55,805.45,807.29,"1,179.00",641.9,"1,60,72,692","12,97,52,78,301.60","4,78,152"
11-Nov-24,EQ,801,831.45,792,805.45,805,804.7,816.67,"1,179.00",649.3,"2,75,87,619","22,52,99,43,363.60","5,75,463"
12-Nov-24,EQ,806,813.1,783.05,804.7,784.75,784.85,792.6,"1,179.00",649.3,"1,65,26,921","13,09,92,59,115.85","5,94,079"
13-Nov-24,EQ,787,792.65,775.55,784.85,786.85,786.25,785.62,"1,179.00",649.3,"1,46,74,022","11,52,82,10,756.95","3,91,032"
14-Nov-24,EQ,786.6,792,772,786.25,776,774.3,779.43,"1,179.00",649.3,"1,17,40,909","9,15,12,58,844.20","3,13,693"
18-Nov-24,EQ,778,781.75,759.2,774.3,772.5,771.9,770.6,"1,179.00",670.7,"1,70,53,446","13,14,13,59,276.30","4,19,815"
19-Nov-24,EQ,771.9,799.9,771.9,771.9,781.95,783.2,790.2,"1,179.00",670.7,"1,40,12,014","11,07,23,36,524.20","2,79,101"
21-Nov-24,EQ,784.95,785.95,766.25,783.2,774,773.85,775.95,"1,179.00",670.7,"1,41,94,678","11,01,43,64,694.60","3,19,937"
22-Nov-24,EQ,775,794,775,773.85,794,791,784.59,"1,179.00",670.7,"1,45,35,112","11,40,41,08,458.45","3,00,768"
25-Nov-24,EQ,808.05,810.2,793.65,791,797.4,796.6,799.7,"1,179.00",674.25,"1,51,94,167","12,15,07,25,002.25","2,63,327"
26-Nov-24,EQ,797.15,801.8,780.15,796.6,784.2,783,789.35,"1,179.00",674.25,"1,03,10,838","8,13,88,74,098.80","2,27,912"
27-Nov-24,EQ,785.05,791.9,779.1,783,785.2,783.95,785.34,"1,179.00",674.25,"1,00,14,685","7,86,49,75,782.45","2,00,451"
28-Nov-24,EQ,783,792.55,778,783.95,781.5,779.45,784.58,"1,179.00",674.25,"1,09,39,142","8,58,26,55,140.35","2,72,953"
29-Nov-24,EQ,779.5,789.4,777.05,779.45,787.35,786.45,784.67,"1,179.00",674.25,"1,03,58,590","8,12,80,34,685.40","2,15,035"
2-Dec-24,EQ,787.3,796.75,785,786.45,790.15,790.05,790.4,"1,179.00",696.25,"84,25,826","6,65,97,78,913.05","2,17,075"
3-Dec-24,EQ,795,806,790,790.05,800.1,801.25,798.05,"1,179.00",696.25,"98,74,135","7,88,00,14,721.85","2,27,850"
4-Dec-24,EQ,805,806,784.05,801.25,788.2,788.1,791.95,"1,179.00",696.25,"1,23,92,259","9,81,41,07,207.20","3,80,565"
5-Dec-24,EQ,793,797.5,781,788.1,793,792.55,789.55,"1,179.00",696.25,"1,21,69,428","9,60,83,76,767.00","2,65,144"
6-Dec-24,EQ,793,818.85,785.3,792.55,818,816.8,802.57,"1,179.00",696.25,"1,97,16,910","15,82,41,15,624.45","3,47,712"
9-Dec-24,EQ,816.8,820.35,797,816.8,799.7,798.75,807.57,"1,179.00",696.25,"1,55,73,233","12,57,65,11,030.35","3,08,424"
10-Dec-24,EQ,804.8,810.45,797.45,798.75,801,799.9,803.15,"1,179.00",696.25,"1,31,13,082","10,53,18,11,972.20","2,34,736"
11-Dec-24,EQ,802.9,806.95,798.2,799.9,799.45,799.1,802.54,"1,179.00",696.25,"77,63,357","6,23,03,91,478.45","1,59,000"
12-Dec-24,EQ,799.2,802,785.5,799.1,787,786.35,789.09,"1,179.00",696.25,"1,06,02,758","8,36,65,47,282.55","2,84,424"
13-Dec-24,EQ,789,792.5,775,786.35,790.7,790.3,784.9,"1,179.00",696.25,"1,41,01,869","11,06,86,20,355.75","3,54,253"
16-Dec-24,EQ,791.4,793.95,783,790.3,785.3,784.8,786.38,"1,179.00",696.25,"1,00,15,361","7,87,58,43,805.30","1,99,508"
17-Dec-24,EQ,785.5,796.35,778,784.8,779.9,779.75,786.01,"1,179.00",696.25,"1,02,70,253","8,07,24,87,554.55","2,29,057"
18-Dec-24,EQ,774,774.25,754,779.75,757,755.7,761.07,"1,179.00",696.25,"1,90,85,263","14,52,52,65,872.00","5,08,261"
19-Dec-24,EQ,744.45,755.8,741.4,755.7,745.75,744.05,746.59,"1,179.00",696.25,"1,71,19,599","12,78,13,07,371.65","3,77,991"
20-Dec-24,EQ,744.3,749.55,721.5,744.05,724.3,724.05,732.88,"1,179.00",696.25,"1,79,62,656","13,16,44,23,074.60","4,14,949"
23-Dec-24,EQ,733.7,734.4,717.7,724.05,721.5,722.2,726.35,"1,179.00",716.6,"96,53,868","7,01,20,91,746.00","2,93,999"
24-Dec-24,EQ,723.5,745.3,722.5,722.2,735.1,736.1,736.4,"1,179.00",716.6,"1,25,53,555","9,24,43,95,622.15","2,66,530"
26-Dec-24,EQ,736.1,747.8,735.55,736.1,741.5,740.8,741.74,"1,179.00",716.6,"93,43,210","6,93,02,28,321.90","2,35,149"
27-Dec-24,EQ,749,766.85,745.7,740.8,754,750.5,756.69,"1,179.00",716.6,"1,58,35,079","11,98,23,00,186.70","3,16,642"
30-Dec-24,EQ,753.9,754.9,730.7,750.5,735.25,733.65,738.19,"1,179.00",717.7,"1,74,41,198","12,87,48,56,448.75","2,76,286"
31-Dec-24,EQ,733.65,743.4,732.75,733.65,741.8,740.15,738.63,"1,179.00",717.7,"70,92,699","5,23,88,65,078.95","1,76,250"
1-Jan-25,EQ,740.45,751.1,736,740.15,749.85,749.25,744.36,"1,179.00",717.7,"77,92,251","5,80,02,28,118.15","1,70,318"
2-Jan-25,EQ,759.3,767.35,749.35,749.25,764.85,765.05,757.34,"1,179.00",717.7,"1,52,94,572","11,58,31,98,011.40","3,06,615"
3-Jan-25,EQ,768,800.6,761.45,765.05,789,790.4,786.86,"1,179.00",717.7,"2,47,73,025","19,49,27,97,930.80","4,57,866"
6-Jan-25,EQ,797.7,797.7,765.3,790.4,776,776.25,783.03,"1,179.00",717.7,"1,69,48,151","13,27,09,05,837.25","3,58,878"
7-Jan-25,EQ,776,796.95,772.5,776.25,792.5,793.25,787.61,"1,179.00",717.7,"1,55,47,971","12,24,56,78,232.50","3,14,304"
8-Jan-25,EQ,792.6,797,781.65,793.25,795.5,794.95,789.86,"1,179.00",717.7,"1,18,61,066","9,36,86,07,134.30","2,55,679"
9-Jan-25,EQ,800,810,769.45,794.95,781.4,780.1,784.85,"1,179.00",717.7,"1,79,48,464","14,08,69,40,933.35","3,66,805"
10-Jan-25,EQ,780.05,787.95,766.8,780.1,776.5,774.65,778.29,"1,179.00",717.7,"1,11,44,005","8,67,32,68,253.45","2,74,052"
13-Jan-25,EQ,769,773.55,748.8,774.65,750.6,751,760.91,"1,179.00",717.7,"1,22,30,175","9,30,61,20,971.50","3,05,264"
14-Jan-25,EQ,751.5,779,751.5,751,772.3,770.5,772.37,"1,179.00",717.7,"1,13,77,053","8,78,72,40,473.25","2,77,895"
15-Jan-25,EQ,771,785,756.05,770.5,763,763.6,766.16,"1,179.00",717.7,"1,05,00,910","8,04,54,21,842.20","2,49,215"
16-Jan-25,EQ,769.9,781,767.35,763.6,775.45,774.35,775.08,"1,179.00",717.7,"86,80,163","6,72,77,85,831.25","1,91,171"
17-Jan-25,EQ,773.9,785.5,772.25,774.35,779.9,779.75,779.92,"1,179.00",717.7,"70,07,239","5,46,50,86,692.60","1,46,024"
20-Jan-25,EQ,780,783,767,779.75,773.95,774.35,774.11,"1,179.00",717.7,"99,56,101","7,70,71,54,628.95","1,79,913"
21-Jan-25,EQ,775,786.65,758.4,774.35,761,760.75,770.74,"1,179.00",717.7,"1,16,57,178","8,98,46,60,555.80","2,85,590"
22-Jan-25,EQ,764.15,765.45,731,760.75,744.35,742.75,742.63,"1,179.00",717.7,"1,24,18,474","9,22,23,25,023.80","3,57,913"
23-Jan-25,EQ,742.75,759.7,739.8,742.75,753,752.5,751.71,"1,179.00",717.7,"79,16,689","5,95,10,70,317.85","2,02,401"
24-Jan-25,EQ,750.05,754.15,732.2,752.5,733.4,734.1,740.71,"1,179.00",717.7,"95,13,166","7,04,64,64,980.20","2,11,930"
27-Jan-25,EQ,732.95,732.95,709.3,734.1,713,713.05,718.46,"1,179.00",709.3,"1,41,23,990","10,14,74,95,359.60","3,35,720"
28-Jan-25,EQ,716.5,740.85,707.5,713.05,731.9,728.25,724.61,"1,179.00",707.5,"1,61,04,653","11,66,95,90,702.95","3,20,748"
29-Jan-25,EQ,731.5,755,726.55,728.25,754.8,752.5,742.52,"1,179.00",707.5,"1,24,61,404","9,25,28,84,619.50","2,62,830"
30-Jan-25,EQ,709,710.7,683.2,752.5,699.95,696.85,698.51,"1,179.00",683.2,"5,93,90,998","41,48,53,71,859.15","10,94,810"
31-Jan-25,EQ,706,717,696.45,696.85,715.7,716.1,707.31,"1,179.00",683.2,"1,91,57,717","13,55,03,96,657.95","3,40,074"
1-Feb-25,EQ,719.5,724.75,700.9,716.1,705.9,706.55,711.99,"1,179.00",683.2,"1,40,87,493","10,03,02,02,387.80","2,97,568"
3-Feb-25,EQ,700,700,686,706.55,687.65,687.45,689.57,"1,179.00",683.2,"1,78,06,760","12,27,89,28,075.05","4,94,904"
4-Feb-25,EQ,696.3,713.35,693.75,687.45,709.55,710.55,706.45,"1,179.00",683.2,"1,67,92,005","11,86,26,52,772.55","2,92,952"
5-Feb-25,EQ,711,725.45,710.7,710.55,716.95,717.05,719.3,"1,179.00",683.2,"1,29,07,325","9,28,41,96,893.55","2,41,395"
6-Feb-25,EQ,723,723.4,708.15,717.05,710.9,709.65,713.94,"1,179.00",683.2,"1,00,16,927","7,15,15,03,773.75","1,91,132"
7-Feb-25,EQ,711,715.95,703.1,709.65,706.75,706.75,709.53,"1,179.00",683.2,"1,22,59,132","8,69,81,83,953.95","2,68,831"
10-Feb-25,EQ,709.75,709.9,693.05,706.75,695.6,696,697.76,"1,179.00",683.2,"1,09,81,963","7,66,27,88,415.90","2,38,395"
11-Feb-25,EQ,696,697,675.1,696,677.4,677.75,682.24,"1,179.00",675.1,"1,19,39,990","8,14,59,08,253.10","3,80,683"
12-Feb-25,EQ,680,687.55,667.05,677.75,684.7,684.35,678.94,"1,179.00",667.05,"1,23,12,424","8,35,93,68,147.55","3,03,029"
13-Feb-25,EQ,684.35,693.15,679.35,684.35,683,683.85,686.73,"1,179.00",667.05,"84,90,769","5,83,08,29,633.65","2,05,281"
14-Feb-25,EQ,685.95,690.95,669.15,683.85,678.9,680.65,678.82,"1,179.00",667.05,"99,68,127","6,76,65,24,593.40","2,35,954"
17-Feb-25,EQ,678,690.7,667.05,680.65,686.95,686.6,683.85,"1,179.00",667.05,"1,03,13,575","7,05,29,14,527.20","2,64,623"
18-Feb-25,EQ,686.6,687.95,672.15,686.6,682.5,682.4,678.83,"1,179.00",667.05,"78,10,143","5,30,17,26,210.55","1,95,803"
19-Feb-25,EQ,681.75,690.95,675.05,682.4,681,681,683.71,"1,179.00",667.05,"99,86,815","6,82,81,00,967.10","2,35,012"
20-Feb-25,EQ,680,692.85,675,681,688.4,689.8,686.98,"1,179.00",667.05,"86,73,335","5,95,84,37,587.35","1,89,589"
21-Feb-25,EQ,686,690,671.1,689.8,672.4,673.2,677.59,"1,179.00",667.05,"1,45,77,524","9,87,75,80,675.15","2,90,871"
24-Feb-25,EQ,670,676.6,666,673.2,668.05,668.25,670.93,"1,179.00",666,"88,61,769","5,94,56,19,520.00","2,30,767"
25-Feb-25,EQ,667.75,672.5,660,668.25,660.3,661.6,665.35,"1,179.00",660,"1,02,51,257","6,82,07,22,158.20","2,40,289"
27-Feb-25,EQ,662,665,645.65,661.6,647.75,648.55,652.54,"1,179.00",645.65,"1,22,81,857","8,01,43,42,947.55","2,54,682"
28-Feb-25,EQ,645,645,618.45,648.55,620.7,620.65,628.1,"1,179.00",618.45,"2,04,77,619","12,86,20,79,147.25","4,66,703"
3-Mar-25,EQ,620.65,626.85,606.3,620.65,621.4,621.15,617.8,"1,179.00",606.3,"1,83,62,700","11,34,45,11,958.80","3,51,446"
4-Mar-25,EQ,613.45,629.15,613,621.15,619.5,619.2,621.45,"1,179.00",606.3,"1,18,78,225","7,38,17,68,453.30","2,50,241"
5-Mar-25,EQ,619,641.6,618.6,619.2,641.6,640.8,634.35,"1,179.00",606.3,"1,23,73,061","7,84,88,43,672.85","2,54,485"
6-Mar-25,EQ,653.25,655.95,635.6,640.8,638.9,639.65,641.31,"1,179.00",606.3,"1,69,91,501","10,89,68,42,798.80","3,06,481"
7-Mar-25,EQ,640,651.5,635,639.65,647.5,648.3,646.83,"1,179.00",606.3,"1,01,23,450","6,54,81,99,926.05","1,88,802"
10-Mar-25,EQ,648.3,654.25,643.35,648.3,646.25,648.15,648.76,"1,179.00",606.3,"1,03,09,166","6,68,81,54,028.35","1,91,705"
11-Mar-25,EQ,640,651.15,638.45,648.15,648.9,648.05,646.66,"1,179.00",606.3,"95,34,750","6,16,57,16,173.40","1,73,182"
12-Mar-25,EQ,654.5,671.9,652.25,648.05,668.15,668.3,665.67,"1,179.00",606.3,"1,87,32,785","12,46,99,05,999.05","2,93,574"
13-Mar-25,EQ,670.65,671.85,649.6,668.3,654.7,655.5,658.17,"1,179.00",606.3,"1,40,04,345","9,21,72,99,961.95","2,08,418"
17-Mar-25,EQ,665.05,666.45,657.45,655.5,660.1,661.05,661.92,"1,179.00",606.3,"91,74,408","6,07,27,11,007.95","1,80,213"
18-Mar-25,EQ,665,681.7,663.9,661.05,678.8,680.05,674.98,"1,179.00",606.3,"1,12,36,084","7,58,40,98,238.35","2,01,406"
19-Mar-25,EQ,685.4,685.75,678.55,680.05,681.05,682.25,681.69,"1,179.00",606.3,"93,38,414","6,36,58,82,253.00","1,81,525"
20-Mar-25,EQ,685,692.7,679,682.25,689.5,690.05,686.79,"1,179.00",606.3,"97,12,600","6,67,04,91,465.70","1,66,825"
21-Mar-25,EQ,693,705,688.55,690.05,702.5,702.95,699.9,"1,179.00",606.3,"1,48,23,483","10,37,49,32,720.55","1,78,336"
24-Mar-25,EQ,710,717.5,702.05,702.95,713.9,713.5,710.33,"1,179.00",606.3,"1,16,71,359","8,29,05,46,939.85","2,34,530"
25-Mar-25,EQ,719,723.05,706.35,713.5,707.5,710.3,714.13,"1,179.00",606.3,"1,36,17,465","9,72,46,34,714.55","2,76,282"
26-Mar-25,EQ,710.3,717.85,707,710.3,707.4,708.25,711.37,"1,179.00",606.3,"93,63,180","6,66,07,01,025.15","1,62,046"
27-Mar-25,EQ,668,676.6,661.1,708.25,669.5,668.55,669.35,"1,179.00",606.3,"3,42,38,666","22,91,75,66,817.20","6,78,323"
28-Mar-25,EQ,671.85,684.95,669.3,668.55,673.25,674.45,675.72,"1,179.00",606.3,"1,60,13,687","10,82,07,26,221.00","2,23,287"
1-Apr-25,EQ,670.55,681.85,665.75,674.45,672,671.85,673.59,"1,179.00",606.3,"95,94,669","6,46,29,04,983.25","2,05,820"
2-Apr-25,EQ,674.95,675.35,662.1,671.85,672.2,671.9,669.75,"1,179.00",606.3,"80,25,225","5,37,48,77,123.65","1,34,666"
3-Apr-25,EQ,660,669,652.5,671.9,655.55,653.95,659.08,"1,179.00",606.3,"1,34,73,832","8,88,03,57,349.10","2,95,801"
4-Apr-25,EQ,650,650,610,653.95,615.1,613.85,619.96,"1,179.00",606.3,"2,66,21,179","16,50,41,36,462.55","5,91,360"
7-Apr-25,EQ,560.5,582,535.75,613.85,581.1,579.75,563.16,"1,179.00",535.75,"4,94,63,598","27,85,59,84,564.10","8,35,816"
8-Apr-25,EQ,591.2,606.6,584.2,579.75,589.9,588.85,591.36,"1,179.00",535.75,"2,09,87,855","12,41,14,69,508.00","3,48,681"
9-Apr-25,EQ,588,594.9,581.05,588.85,584.5,582.9,587.49,"1,179.00",535.75,"1,74,83,412","10,27,12,59,845.30","2,50,692"
11-Apr-25,EQ,610,612.8,591,582.9,596,595.05,600.68,"1,179.00",535.75,"2,10,55,814","12,64,77,85,093.45","3,29,700"
15-Apr-25,EQ,614,628.3,612.65,595.05,622.5,622.2,622.54,"1,179.00",535.75,"1,97,22,072","12,27,77,50,909.25","2,70,996"
16-Apr-25,EQ,625,625,613.6,622.2,616.1,616.05,616.73,"1,179.00",535.75,"1,23,18,376","7,59,71,30,469.75","2,39,397"
17-Apr-25,EQ,616.05,627,608.25,616.05,621,621.55,619.39,"1,179.00",535.75,"1,43,42,652","8,88,37,11,331.85","2,38,642"
21-Apr-25,EQ,624.6,635.75,620.2,621.55,630.25,630.05,628.12,"1,179.00",535.75,"1,27,85,568","8,03,08,83,889.15","2,16,143"
22-Apr-25,EQ,630.25,633.95,626.2,630.05,630.5,630.85,631,"1,179.00",535.75,"1,02,92,748","6,49,47,13,243.90","1,90,303"
23-Apr-25,EQ,635.95,661.5,633.35,630.85,658.85,659.9,650.02,"1,179.00",535.75,"2,33,90,570","15,20,43,11,238.95","3,21,330"
24-Apr-25,EQ,660.1,671,660.1,659.9,667.9,668.35,666.02,"1,179.00",535.75,"1,51,72,229","10,10,49,77,369.05","1,96,582"
25-Apr-25,EQ,668.35,673,651.5,668.35,654.15,655.25,658.76,"1,179.00",535.75,"1,32,07,043","8,70,03,24,111.35","2,21,114"
28-Apr-25,EQ,654.3,669.6,652.55,655.25,668,668.15,663.81,"1,179.00",535.75,"1,02,43,493","6,79,97,52,587.90","1,68,942"
29-Apr-25,EQ,671.45,682.9,661.6,668.15,667.3,665.6,671.09,"1,179.00",535.75,"1,37,54,685","9,23,05,85,639.05","2,24,042"
30-Apr-25,EQ,667,667,641.1,665.6,643.5,644.25,645.61,"1,179.00",535.75,"1,94,85,917","12,58,02,41,417.75","3,11,644"
2-May-25,EQ,641,661.35,635.55,644.25,652,652,652.71,"1,179.00",535.75,"1,31,41,726","8,57,77,31,081.10","2,44,150"
5-May-25,EQ,662.95,666.65,655.85,652,662.2,661.55,660.93,"1,179.00",535.75,"88,68,484","5,86,14,08,259.15","1,59,988"
6-May-25,EQ,661.55,663.2,645.5,661.55,647.55,648.2,651.87,"1,179.00",535.75,"1,27,18,175","8,29,05,42,879.90","2,35,348"
7-May-25,EQ,642,682.5,641.15,648.2,681.8,680.3,673.57,"1,179.00",535.75,"3,03,90,515","20,47,02,18,684.45","3,66,513"
8-May-25,EQ,700,704.5,677.2,680.3,680.4,682.85,692.28,"1,179.00",535.75,"2,93,15,465","20,29,46,54,093.00","3,66,175"
9-May-25,EQ,667.5,711,666,682.85,709,708.5,701.3,"1,179.00",535.75,"4,01,83,276","28,18,05,98,035.45","5,23,258"
12-May-25,EQ,728,732,711.2,708.5,719.7,720.8,720.11,"1,179.00",535.75,"2,01,33,616","14,49,83,71,601.20","2,61,307"
13-May-25,EQ,720.8,726,703.25,720.8,708.3,707.7,713.29,"1,179.00",535.75,"1,61,25,700","11,50,23,45,598.95","2,68,737"
14-May-25,EQ,690,708,686,707.7,700.2,698.95,696.53,"1,179.00",535.75,"3,15,05,402","21,94,45,72,654.50","5,29,955"
15-May-25,EQ,698.75,729.8,696.15,698.95,729,728.1,718.09,"1,179.00",535.75,"2,86,34,074","20,56,18,02,513.75","3,68,702"
16-May-25,EQ,730,742,725.55,728.1,731.1,730.7,733.15,"1,179.00",535.75,"2,06,31,512","15,12,60,18,409.45","3,01,374"
19-May-25,EQ,732,738.1,728,730.7,728.7,729.5,733.16,"1,179.00",535.75,"1,04,60,217","7,66,89,71,582.95","1,89,525"
20-May-25,EQ,730,737.75,717,729.5,720.7,718.9,726.33,"1,179.00",535.75,"1,44,72,506","10,51,18,04,020.40","2,23,690"
21-May-25,EQ,719,729.5,718,718.9,726.25,726.8,725.35,"1,179.00",535.75,"89,98,596","6,52,71,26,522.45","1,45,016"
22-May-25,EQ,725,725,710.65,726.8,718.5,717.45,716.57,"1,179.00",535.75,"1,00,46,820","7,19,92,24,435.35","1,78,556"
23-May-25,EQ,718.75,721.8,715,717.45,718,718.25,719.01,"1,179.00",535.75,"79,15,166","5,69,10,49,306.85","1,14,102"
26-May-25,EQ,722,738,721.2,718.25,729.2,729,731.82,"1,179.00",535.75,"1,30,17,400","9,52,64,31,160.15","1,74,194"
27-May-25,EQ,729,729.35,715.2,729,717,716.45,719.68,"1,179.00",535.75,"1,22,23,125","8,79,67,82,486.15","2,13,762"
28-May-25,EQ,720,722,716.2,716.45,717.25,717.95,719.01,"1,179.00",535.75,"75,68,961","5,44,21,27,705.70","1,17,049"
29-May-25,EQ,724.5,728.7,720,717.95,725.45,724.45,723.93,"1,179.00",535.75,"88,38,921","6,39,87,30,595.85","1,36,523"
30-May-25,EQ,724.45,728.55,712.5,724.45,718.65,719.5,718.99,"1,179.00",535.75,"1,45,33,919","10,44,97,31,838.45","1,70,723"
2-Jun-25,EQ,717,719,707.4,719.5,711.55,711.6,712.42,"1,179.00",535.75,"97,12,446","6,91,93,69,538.35","1,78,127"
3-Jun-25,EQ,715,718.35,702.3,711.6,704.3,703.85,708.08,"1,179.00",535.75,"91,61,608","6,48,71,96,518.30","2,08,760"
4-Jun-25,EQ,701.8,715.45,698.4,703.85,710.25,709.15,708.91,"1,179.00",535.75,"1,12,87,991","8,00,22,10,218.05","2,77,497"
5-Jun-25,EQ,712.8,714.45,704,709.15,710.1,710.15,709,"1,179.00",535.75,"1,02,03,331","7,23,41,25,107.05","1,52,774"
6-Jun-25,EQ,710,715.9,701.2,710.15,711.6,711,709.28,"1,179.00",535.75,"1,19,75,812","8,49,42,37,171.55","1,79,459"
9-Jun-25,EQ,715,726,713.1,711,717.5,717.8,719.66,"1,179.00",535.75,"99,00,412","7,12,49,12,015.55","1,68,982"
10-Jun-25,EQ,721,734.75,715.35,717.8,732.7,732.25,728.46,"1,179.00",535.75,"1,91,51,889","13,95,14,59,993.95","3,23,576"
11-Jun-25,EQ,734.95,744,730.15,732.25,734.6,736.4,736.81,"1,179.00",535.75,"1,26,26,754","9,30,34,82,617.45","1,82,039"
12-Jun-25,EQ,737,737.7,711.25,736.4,714.45,715.35,720.95,"1,179.00",535.75,"1,25,85,149","9,07,32,12,399.65","2,80,340"
13-Jun-25,EQ,700,714.95,698.3,715.35,713.75,712.05,706.23,"1,179.00",535.75,"1,05,16,625","7,42,71,49,317.65","1,88,783"
16-Jun-25,EQ,711,714,672.95,712.05,685.3,686.65,684.41,"1,179.00",535.75,"3,12,46,328","21,38,54,21,671.70","5,61,236"
17-Jun-25,EQ,686.1,686.15,672,686.65,673,674.75,678.59,"1,179.00",535.75,"1,71,12,867","11,61,26,29,681.05","2,94,632"
18-Jun-25,EQ,671.85,679.35,668,674.75,669.95,670.25,673.25,"1,179.00",535.75,"1,25,56,088","8,45,33,35,444.80","2,12,789"
19-Jun-25,EQ,670.25,676.3,666.65,670.25,671.4,672.3,671.47,"1,179.00",535.75,"1,08,95,470","7,31,60,22,953.85","1,60,073"
20-Jun-25,EQ,673.4,678.8,670.1,672.3,675.5,676.2,675.55,"1,179.00",535.75,"1,13,93,470","7,69,69,00,034.40","1,44,733"
23-Jun-25,EQ,670,676,666.1,676.2,671.8,671.25,671.2,"1,179.00",535.75,"1,02,65,601","6,89,02,58,117.50","1,66,647"
24-Jun-25,EQ,678,686.5,672,671.25,674.3,673.65,679.17,"1,179.00",535.75,"1,53,59,947","10,43,20,48,374.05","2,00,973"
25-Jun-25,EQ,676,679,673.45,673.65,674.45,674.5,675.55,"1,179.00",535.75,"1,04,56,015","7,06,35,29,756.00","1,56,656"
26-Jun-25,EQ,677,683.7,674.45,674.5,682.7,682.75,679.67,"1,179.00",535.75,"1,01,04,914","6,86,80,08,862.65","1,44,959"
27-Jun-25,EQ,685,691.45,683,682.75,687.5,686.9,688.13,"1,179.00",535.75,"71,98,028","4,95,31,96,881.35","1,21,849"
30-Jun-25,EQ,688.9,691.9,685,686.9,688.3,688,688.54,"1,179.00",535.75,"69,60,104","4,79,22,76,598.55","1,50,466"
1-Jul-25,EQ,691.1,693.85,680.4,688,683.8,683.8,686,"1,179.00",535.75,"68,66,073","4,71,01,14,007.55","1,31,017"
2-Jul-25,EQ,683.8,692.45,680.65,683.8,687.8,688.55,687.59,"1,179.00",535.75,"80,34,013","5,52,41,18,526.85","1,41,531"
3-Jul-25,EQ,693.85,696.95,688.5,688.55,690.3,690.4,692.8,"1,179.00",535.75,"96,68,110","6,69,80,71,398.70","1,74,168"
4-Jul-25,EQ,691,692.85,686.35,690.4,688,689.05,688.94,"1,179.00",535.75,"49,42,900","3,40,53,68,801.45","95,228"
7-Jul-25,EQ,689.05,691.95,683.35,689.05,688.5,688.85,688.32,"1,179.00",535.75,"54,28,220","3,73,63,38,895.65","1,16,439"
8-Jul-25,EQ,693,696.95,687.5,688.85,692.9,693.2,691.86,"1,179.00",535.75,"76,15,926","5,26,91,75,943.15","1,12,199"
9-Jul-25,EQ,688.95,695.5,688.5,693.2,692.3,692.8,692.33,"1,179.00",535.75,"54,78,813","3,79,31,25,623.80","1,10,466"
10-Jul-25,EQ,692,696.75,685,692.8,695.5,695.6,691.34,"1,179.00",535.75,"77,33,963","5,34,67,77,171.35","1,43,758"
11-Jul-25,EQ,692.95,698.4,677.05,695.6,679,681.8,687.1,"1,179.00",535.75,"82,80,654","5,68,96,12,873.55","1,59,362"
14-Jul-25,EQ,681,681,672,681.8,674.8,674.5,676.24,"1,179.00",535.75,"77,48,550","5,23,98,78,236.40","1,81,930"
15-Jul-25,EQ,676,685.95,674.3,674.5,683,684.4,681.06,"1,179.00",535.75,"70,41,706","4,79,58,41,533.20","1,35,711"
16-Jul-25,EQ,684.4,684.4,676.35,684.4,679,679,679.14,"1,179.00",535.75,"62,44,205","4,24,06,68,251.55","1,12,327"
17-Jul-25,EQ,679,686.9,678.15,679,682.2,681.7,683,"1,179.00",535.75,"65,98,144","4,50,65,01,664.55","1,18,601"
18-Jul-25,EQ,683.2,686,678,681.7,680.45,680.25,681.57,"1,179.00",535.75,"55,58,670","3,78,86,33,741.95","92,747"
21-Jul-25,EQ,680.5,688.5,671.25,680.25,687.45,687.45,681.79,"1,179.00",535.75,"67,31,863","4,58,96,85,772.90","1,26,501"
22-Jul-25,EQ,688,688.85,672.35,687.45,675.5,673.4,677.29,"1,179.00",535.75,"77,49,518","5,24,86,79,553.20","1,90,083"
23-Jul-25,EQ,676.7,693.1,676.25,673.4,690.9,690.1,688.74,"1,179.00",535.75,"1,44,60,727","9,95,96,11,739.50","1,96,481"
24-Jul-25,EQ,692.7,706.5,692.3,690.1,701.3,700.5,702.13,"1,179.00",535.75,"1,51,97,664","10,67,06,85,136.65","2,06,983"
25-Jul-25,EQ,701,702.45,684.7,700.5,687.55,687.4,690.76,"1,179.00",535.75,"72,71,718","5,02,29,96,036.80","1,43,186"
28-Jul-25,EQ,690.7,700.5,681.4,687.4,684.05,682.9,690.61,"1,179.00",535.75,"77,88,718","5,37,89,90,005.55","1,41,239"
29-Jul-25,EQ,681.9,694,680.6,682.9,691.75,692.35,688.52,"1,179.00",535.75,"62,39,871","4,29,62,80,668.20","1,35,285"
30-Jul-25,EQ,690,690,665.25,692.35,668,668.45,669.43,"1,179.00",535.75,"1,89,23,129","12,66,76,17,060.00","4,05,426"
31-Jul-25,EQ,659.85,673.4,652.35,668.45,666.45,665.95,665.7,"1,179.00",535.75,"1,87,23,710","12,46,43,81,596.75","2,91,431"
1-Aug-25,EQ,667.95,667.95,647,665.95,649.7,648.85,652.97,"1,179.00",535.75,"1,25,46,169","8,19,22,73,893.65","2,37,724"
4-Aug-25,EQ,650.05,656.8,646,648.85,653.9,653.6,653.34,"1,142.00",535.75,"80,33,881","5,24,88,67,835.75","1,65,858"
5-Aug-25,EQ,655.95,658.9,650.55,653.6,655,654.6,654.15,"1,142.00",535.75,"67,14,804","4,39,24,92,947.95","1,42,228"
6-Aug-25,EQ,655,658,650.4,654.6,653.2,652.85,653.75,"1,142.00",535.75,"64,10,830","4,19,10,48,174.95","1,16,587"
7-Aug-25,EQ,650,651.7,635.5,652.85,650,646.5,641.47,"1,142.00",535.75,"1,36,09,913","8,73,03,87,950.15","2,17,679"
8-Aug-25,EQ,647.95,652.95,630,646.5,630.8,633.7,640.31,"1,142.00",535.75,"1,01,44,452","6,49,55,49,795.70","2,22,231"
11-Aug-25,EQ,636.2,655,627.1,633.7,654,653.75,647.97,"1,142.00",535.75,"1,72,75,390","11,19,38,80,247.40","2,58,911"
12-Aug-25,EQ,651.1,660.95,650.8,653.75,655.05,654.1,655.38,"1,142.00",535.75,"1,12,12,223","7,34,82,30,985.35","2,23,425"
13-Aug-25,EQ,657.2,667,656.65,654.1,663.3,663.75,663.72,"1,142.00",535.75,"75,57,556","5,01,61,13,372.65","1,33,862"
14-Aug-25,EQ,666,666.55,657.7,663.75,664,664.6,662.43,"1,142.00",535.75,"62,50,494","4,14,05,29,909.70","1,15,002"
18-Aug-25,EQ,677,685,672.9,664.6,675.9,676,678.7,"1,142.00",535.75,"1,42,26,172","9,65,53,02,555.25","1,65,366"
